{
  "project_info": {
    "project_number": "303318800495",
    "project_id": "login-and-register-6aa22",
    "storage_bucket": "login-and-register-6aa22.appspot.com"
  },
  "client": [
    {
      "client_info": {
        "mobilesdk_app_id": "1:303318800495:android:39fcbd01764bb33b9ed59a",
        "android_client_info": {
          "package_name": "com.ram.loginandregister"
        }
      },
      "oauth_client": [
        {
          "client_id": "303318800495-imtedkludr5r9dnut9qolvoua97meo13.apps.googleusercontent.com",
          "client_type": 3
        }
      ],
      "api_key": [
        {
          "current_key": "AIzaSyDwZ9MryGmCA_YDE2sJNhz-NYlQnGmWFZY"
        }
      ],
      "services": {
        "appinvite_service": {
          "other_platform_oauth_client": [
            {
              "client_id": "303318800495-imtedkludr5r9dnut9qolvoua97meo13.apps.googleusercontent.com",
              "client_type": 3
            }
          ]
        }
      }
    }
  ],
  "configuration_version": "1"
}